Informazioni cronologiche,Nome e Cognome,,Dove abiti?,Sei mai stato contagiato?,Quante volte?,Sei mai stato ricoverato?,Quanti giorni sei stato positivo?
30/10/2023 21.58.38,Alessandro Bergnach,,Sacile,No,0,No,0
30/10/2023 21.51.42,Andrea Bussetto,,Mazzè,No,0,No,0
30/10/2023 21.52.59,Campana Fabiola,,Trieste,Si,2,No,37
30/10/2023 22.08.38,Claudio Gugliotta,,Modica,Si,2,No,20
30/10/2023 22.14.53,Daniele Manes,,Carugate,Si,1,No,7
30/10/2023 21.50.58,Fulvio Carraro,,Roma,Si,2,No,28
30/10/2023 21.52.21,Giovanni Mocci,,Bagheria,Si,3,No,21
30/10/2023 22.10.22,Laura Scocco,,Venezia,Si,1,No,5
30/10/2023 22.11.21,Maddalena Maggiore,,Venezia,Si,1,No,10
30/10/2023 21.54.48,Marco Di Giacomo,,Atri,No,0,No,0
30/10/2023 21.53.18,Matteo Forti,,Montappone,Si,1,No,6
30/10/2023 21.51.04,Melissa Nora,,Roma,Si,1,No,3
30/10/2023 21.52.15,Nicola Tortul,,Medea,Si,1,No,10
30/10/2023 22.34.12,Noemi Trentinella,,Roma,Si,1,No,4
30/10/2023 22.29.46,Noemi von Mallasz,,Gaggio Montano,Si,1,No,7
30/10/2023 22.01.59,Raffaele Nappi,,Somma Vesuviana,No,0,No,0
30/10/2023 22.18.45,Roberta de Angelis,,Milano,Si,2,No,18
30/10/2023 22.23.24,Sara,Amiri,Sicilia,No,0,No,0
30/10/2023 21.52.14,Sara Amiri,,Sicilia,No,0,No,0
30/10/2023 21.51.16,Sara Moret,,Pordenone,Si,1,No,14
30/10/2023 21.59.26,Serena Delugas,,Roma,No,0,No,0
30/10/2023 22.18.24,Serena Pavani,,Roma,No,0,No,0
30/10/2023 22.01.27,Simone Petrini,,Roma,Si,1,No,15
30/10/2023 22.41.32,Virginia Cogoli Salducco,,Estero,Si,1,No,6
30/10/2023 22.06.43,Vitalii Bota,,Varese,Si,1,No,20
30/10/2023 21.51.48,Vito Longo,,Bari,Si,1,No,7
30/10/2023 23.48.58,Marco Franzese,,Campania,Si,1,No,14
31/10/2023 8.02.59,Luana Privitera,,Torino,Si,2,No,20
31/10/2023 8.55.18,Michael Naponiello,,Campania,No,0,No,0
31/10/2023 9.02.53,Alessandro Alvisi,,Bologna,Si,1,No,10
31/10/2023 9.18.14,Elsa Palermo,,Milano,Si,2,No,7
31/10/2023 9.21.32,Samuel David Magnin,,Monza,Si,2,No,5
31/10/2023 10.01.04,Moreno D'Urso,,Roma,Si,1,No,10
31/10/2023 10.29.23,Giovanni ripa,,Torino,No,0,No,0
31/10/2023 10.30.32,Giuseppe De Lorenzo,,Saragozza,Si,1,No,7
31/10/2023 11.43.22,Davide Zatterin,,Foligno,Si,1,No,5
31/10/2023 19.18.29,Rocco Cifone,,Palagiano,Si,1,No,21
